City,Cloudiness,Country,Date,Humidity,Lat,Lng,Max Temp,Wind Speed
Tasiilaq,98,GL,1624473168,68,65.6145,-37.6368,8.09,1.92
Port Alfred,92,ZA,1624473169,74,-33.5906,26.891,16.88,6.05
Albany,5,US,1624473009,43,42.6001,-73.9662,22.67,0.45
Khandyga,100,RU,1624473169,81,62.6667,135.6,15.0,2.24
Northam,100,GB,1624473170,86,51.0333,-4.2167,16.68,2.07
Lázaro Cárdenas,100,MX,1624473002,68,17.9583,-102.2,29.82,2.72
Vaini,90,TO,1624473170,83,-21.2,-175.2,20.09,6.69
Atuona,9,PF,1624473171,79,-9.8,-139.0333,25.85,6.69
Punta Arenas,75,CL,1624473171,87,-53.15,-70.9167,5.01,2.57
Guarapari,0,BR,1624473171,73,-20.6667,-40.4975,26.06,6.11
Saint-François,100,FR,1624473172,68,46.4154,3.9054,20.69,2.06
Ukiah,1,US,1624473172,56,39.1502,-123.2078,30.8,2.57
Kumul,88,CN,1624473173,26,42.8,93.45,24.36,1.86
Los Llanos de Aridane,75,ES,1624473173,68,28.6585,-17.9182,22.0,7.2
Meulaboh,48,ID,1624473174,82,4.1363,96.1285,24.46,1.91
Hasaki,100,JP,1624473174,78,35.7333,140.8333,19.22,2.21
Qaanaaq,100,GL,1624473175,48,77.484,-69.3632,8.91,2.84
Nikolskoye,7,RU,1624473175,51,59.7035,30.7861,28.94,4.47
Sayula,100,MX,1624473175,75,19.8667,-103.6167,22.51,0.42
Thompson,75,CA,1624472919,52,55.7435,-97.8558,19.09,4.63
Camacha,40,PT,1624473176,64,33.0833,-16.3333,18.68,7.2
Coquimbo,75,CL,1624473117,82,-29.9533,-71.3436,12.85,2.57
Āsosa,100,ET,1624473177,88,10.0667,34.5333,16.58,0.66
Nālūt,2,LY,1624473177,12,30.3333,10.85,35.81,3.99
Arraial do Cabo,20,BR,1624473177,68,-22.9661,-42.0278,23.98,4.63
Floriano,74,BR,1624473178,23,-6.7669,-43.0225,36.4,3.17
Walvis Bay,0,NA,1624473178,72,-22.9575,14.5053,16.0,2.57
Santa Vitória do Palmar,100,BR,1624473179,81,-33.5189,-53.3681,15.85,7.82
Narsaq,100,GL,1624473179,88,60.9167,-46.05,9.12,3.88
Rikitea,10,PF,1624473180,74,-23.1203,-134.9692,24.25,5.45
Glenwood Springs,90,US,1624473145,25,39.5505,-107.3248,28.56,2.57
Anchorage,1,US,1624473121,66,61.2181,-149.9003,17.46,0.45
Molochnoye,73,RU,1624473180,63,59.2917,39.6787,23.65,3.38
Sawtell,100,AU,1624473181,77,-30.3833,153.1,17.88,4.63
Puerto Ayora,20,EC,1624473181,69,-0.7393,-90.3518,27.0,6.17
Lavrentiya,100,RU,1624473182,74,65.5833,-171.0,9.22,0.8
Atherton,100,GB,1624473182,86,53.5237,-2.4935,15.75,1.79
Dikson,100,RU,1624473183,92,73.5069,80.5464,1.46,4.77
Kwinana,0,AU,1624473073,77,-32.25,115.7667,7.3,3.13
Hilo,90,US,1624472902,77,19.7297,-155.09,26.27,3.09
Cape Town,75,ZA,1624472896,80,-33.9258,18.4232,13.94,1.03
Cayenne,75,GF,1624473184,78,4.9333,-52.3333,29.02,1.34
Morant Bay,98,JM,1624473185,67,17.8815,-76.4093,30.79,4.6
Cherskiy,6,RU,1624473185,47,68.75,161.3,11.79,2.61
Matagami,20,CA,1624472958,42,49.7502,-77.6328,18.06,6.69
Buluang,100,PH,1624473186,86,13.3068,123.3425,25.88,0.91
Arlit,13,NE,1624473186,14,18.7369,7.3853,36.07,2.76
Perbaungan,40,ID,1624473187,94,3.5679,98.956,26.0,1.54
Lompoc,1,US,1624473187,64,34.6391,-120.4579,21.67,2.57
Hofn,75,IS,1624472879,47,64.2539,-15.2082,13.0,5.66
Tuktoyaktuk,90,CA,1624473188,87,69.4541,-133.0374,7.0,1.54
Poya,80,NC,1624473188,74,-21.35,165.15,17.52,2.08
Tabou,100,CI,1624473189,91,4.423,-7.3528,24.49,4.92
Saint Anthony,1,US,1624473189,58,45.0205,-93.218,29.46,1.79
Longyearbyen,75,SJ,1624473190,87,78.2186,15.6401,2.91,6.17
Raja,100,SS,1624473190,98,8.4596,25.678,20.69,2.58
Balyqshy,0,KZ,1624473191,18,47.0667,51.8667,28.0,4.0
San Felipe,100,VE,1624473191,80,10.3399,-68.7425,27.45,1.41
Mahébourg,40,MU,1624473191,64,-20.4081,57.7,21.16,5.14
Maningrida,57,AU,1624473192,96,-12.0667,134.2667,22.27,2.75
Pangnirtung,90,CA,1624473192,81,66.1451,-65.7125,4.0,6.17
Khatanga,99,RU,1624473193,43,71.9667,102.5,13.13,4.48
Chokurdakh,19,RU,1624473193,35,70.6333,147.9167,21.21,2.62
San Ignacio,75,BZ,1624473194,62,17.1561,-89.0714,34.08,2.06
Iqaluit,90,CA,1624473194,75,63.7506,-68.5145,4.85,2.24
Kloulklubed,40,PW,1624473194,94,7.0419,134.2556,24.0,1.95
Kapaa,75,US,1624473195,85,22.0752,-159.319,25.99,0.45
Lorengau,40,PG,1624473195,79,-2.0226,147.2712,26.89,1.76
Valparai,75,IN,1624473196,94,10.3667,76.9667,24.0,2.06
Chui,100,UY,1624473196,81,-33.6971,-53.4616,15.65,7.95
Mahon,40,ES,1624473196,78,39.8885,4.2658,23.31,4.63
Kamenka,28,RU,1624473197,61,51.3223,42.7678,23.87,1.72
Asău,100,RO,1624473197,85,46.4333,26.4,20.0,2.66
Ilulissat,75,GL,1624473198,82,69.2167,-51.1,13.01,8.23
Carnarvon,1,AU,1624473198,55,-24.8667,113.6333,7.04,4.12
Kruisfontein,100,ZA,1624473199,80,-34.0033,24.7314,14.38,4.49
Ushuaia,20,AR,1624473199,87,-54.8,-68.3,2.81,0.51
Ojuelos de Jalisco,100,MX,1624473199,76,21.8667,-101.5833,16.24,4.43
Cabo San Lucas,20,MX,1624473200,54,22.8909,-109.9124,35.45,4.63
Vestmannaeyjar,0,IS,1624473200,51,63.4427,-20.2734,15.55,8.23
Kalāleh,0,IR,1624473201,54,37.3807,55.4916,29.78,5.14
New Norfolk,8,AU,1624473201,84,-42.7826,147.0587,7.78,1.05
Jamestown,40,US,1624473018,42,42.097,-79.2353,21.71,3.6
Airai,46,TL,1624473202,95,-8.9266,125.4092,14.97,0.6
Araouane,77,ML,1624473202,18,18.9048,-3.5265,37.99,4.39
Ribeira Grande,75,PT,1624473203,64,38.5167,-28.7,22.22,4.12
Whitianga,63,NZ,1624473203,81,-36.8333,175.7,8.09,1.39
Constantine,40,DZ,1624473023,60,36.365,6.6147,23.0,5.14
Yellowknife,75,CA,1624473204,47,62.456,-114.3525,12.0,6.17
Pevek,8,RU,1624473205,77,69.7008,170.3133,3.71,1.76
Dalby,100,AU,1624473205,83,-27.1833,151.2667,12.78,0.89
Busselton,85,AU,1624473205,68,-33.65,115.3333,8.91,2.62
Nelson Bay,100,AU,1624473206,89,-32.7167,152.15,14.5,4.11
Karratha,5,AU,1624473206,37,-20.7377,116.8463,14.74,6.04
Varhaug,37,NO,1624473207,76,58.6147,5.6457,15.47,4.98
Lebu,15,CL,1624473207,74,-37.6167,-73.65,11.86,3.78
Mount Isa,90,AU,1624473208,64,-20.7333,139.5,20.87,5.66
Verāval,87,IN,1624473208,77,20.9,70.3667,28.79,5.04
Hermanus,100,ZA,1624473208,68,-34.4187,19.2345,12.17,1.76
Ahipara,3,NZ,1624473209,82,-35.1667,173.1667,8.45,1.52
Bethel,40,US,1624473209,37,41.3712,-73.414,23.33,2.57
College,40,US,1624473013,56,64.8569,-147.8028,23.04,3.09
Ponta do Sol,35,PT,1624473210,50,32.6667,-17.1,21.18,2.04
Rantauprapat,72,ID,1624473210,88,2.1,99.8333,23.05,1.15
Palu,31,ID,1624473211,93,-0.8917,119.8707,23.69,1.25
Ponta Delgada,75,PT,1624473211,64,37.7333,-25.6667,20.4,2.06
Mgandu,68,TZ,1624473211,56,-5.95,34.1333,16.48,2.92
Xining,100,CN,1624473212,57,36.6167,101.7667,17.72,1.14
Maniitsoq,100,GL,1624473212,97,65.4167,-52.9,4.65,11.31
Quatre Cocos,40,MU,1624473213,64,-20.2078,57.7625,21.0,5.14
Karasjok,0,NO,1624473213,54,69.4719,25.5112,13.0,4.12
Bengkulu,100,ID,1624473214,90,-3.8004,102.2655,24.04,1.97
Upernavik,0,GL,1624473214,53,72.7868,-56.1549,9.33,4.74
Barrow,1,US,1624473214,70,71.2906,-156.7887,6.01,3.6
Severo-Kuril'sk,22,RU,1624473215,89,50.6789,156.125,6.59,2.73
Saint-Augustin,100,CA,1624473215,96,51.226,-58.6502,13.68,3.42
Hobart,32,AU,1624473216,87,-42.8794,147.3294,11.17,1.34
Kavaratti,61,IN,1624473216,76,10.5669,72.642,28.21,7.23
Haines Junction,0,CA,1624473217,51,60.7522,-137.5108,15.97,1.03
Lüderitz,0,NA,1624473218,75,-26.6481,15.1594,14.18,5.0
Portales,1,US,1624472978,18,34.1862,-103.3344,37.22,5.66
Castro,91,BR,1624473219,73,-24.7911,-50.0119,15.33,3.81
Monte Carmelo,22,BR,1624473219,27,-18.7247,-47.4986,28.23,2.53
Sobolevo,43,RU,1624473220,72,54.4299,31.8996,23.71,3.06
Kurumkan,15,RU,1624473220,67,54.3,110.3,18.4,1.41
Kutum,98,SD,1624473221,35,14.2,24.6667,27.13,1.59
Umm Kaddadah,100,SD,1624473221,37,13.6017,26.6876,29.33,4.65
Jhanjhārpur,49,IN,1624473221,84,26.2667,86.2833,27.25,3.41
Mataura,100,NZ,1624473222,94,-46.1927,168.8643,7.49,1.56
Tiksi,100,RU,1624473222,87,71.6872,128.8694,1.76,7.78
Faanui,17,PF,1624473223,74,-16.4833,-151.75,26.78,5.37
Banda Aceh,99,ID,1624473223,78,5.5577,95.3222,26.21,3.8
Cidreira,100,BR,1624473224,84,-30.1811,-50.2056,17.11,8.66
Praia da Vitória,40,PT,1624473224,56,38.7333,-27.0667,22.0,1.57
Luanda,40,AO,1624473225,83,-8.8368,13.2343,24.0,4.63
Turbat,0,PK,1624473225,52,26.0023,63.044,30.79,4.4
Bambous Virieux,40,MU,1624473226,64,-20.3428,57.7575,21.14,5.14
Vao,67,NC,1624473226,55,-22.6667,167.4833,21.47,7.92
Krasnosel'kup,16,RU,1624473226,81,65.7,82.4667,5.72,3.2
São Filipe,33,CV,1624473227,78,14.8961,-24.4956,23.69,3.83
Saint Paul Harbor,90,US,1624472992,87,57.79,-152.4072,9.73,13.38
Leh,77,IN,1624473227,32,34.1667,77.5833,11.78,2.54
Korem,0,ET,1624473228,49,12.5058,39.5228,17.42,1.93
Smirnykh,100,RU,1624473228,77,49.75,142.8333,13.76,1.14
Trimbak,100,IN,1624473229,83,19.9333,73.55,22.1,3.14
Vila Franca do Campo,91,PT,1624473229,68,37.7167,-25.4333,20.23,0.62
Kirakira,94,SB,1624473230,85,-10.4544,161.9205,25.74,4.97
Presidencia Roque Sáenz Peña,100,AR,1624473230,76,-26.7852,-60.4388,21.99,1.61
Impfondo,55,CG,1624473231,93,1.6381,18.0667,21.64,0.75
Gimli,100,CA,1624473231,32,50.6336,-96.9907,30.03,7.2
Bluff,100,NZ,1624473231,83,-46.6,168.3333,7.67,5.62
Crib Point,95,AU,1624473232,89,-38.35,145.2,13.22,6.46
Chara,9,RU,1624473232,70,56.9064,118.2631,15.97,0.23
Boyolangu,67,ID,1624473233,93,-8.1181,111.8935,23.64,0.78
Avarua,20,CK,1624473233,94,-21.2078,-159.775,20.03,1.03
Hidrolândia,51,BR,1624473234,24,-4.4081,-40.4378,35.25,3.13
Amahai,88,ID,1624473234,87,-3.3333,128.9167,24.72,1.33
Porosozero,44,RU,1624473234,66,62.7191,32.727,24.32,2.24
Filingué,16,NE,1624473235,33,14.3521,3.3168,34.61,1.89
Rosarito,82,MX,1624473235,69,32.3333,-117.0333,26.1,4.8
Butaritari,29,KI,1624473237,67,3.0707,172.7902,29.26,6.21
Souillac,40,MU,1624473237,64,-20.5167,57.5167,21.21,5.14
Forssa,6,FI,1624473238,82,60.8146,23.6215,22.3,1.71
Shelburne,5,CA,1624473238,25,44.0787,-80.2041,22.59,4.88
Srednekolymsk,81,RU,1624473239,57,67.45,153.6833,17.08,1.95
Saint-Philippe,43,RE,1624473239,70,-21.3585,55.7679,19.77,5.09
Ust'-Kut,52,RU,1624473240,90,56.7938,105.7672,15.97,0.89
General Delgado,100,PY,1624473240,68,-27.1667,-56.5167,23.01,5.3
Mossamedes,33,AO,1624473240,90,-15.1961,12.1522,19.59,2.22
Caravelas,0,BR,1624473241,71,-17.7125,-39.2481,23.84,5.99
Sam Roi Yot,100,TH,1624473241,79,12.2708,99.872,29.98,3.14
Zheshart,0,RU,1624473242,62,62.0731,49.5733,22.35,1.38
Bulungu,10,CD,1624473242,59,-4.55,18.6,24.04,1.39
Saldanha,100,ZA,1624473243,87,-33.0117,17.9442,12.0,1.03
Husavik,96,IS,1624473243,87,66.0449,-17.3389,8.95,3.77
Ferme-Neuve,100,CA,1624473244,38,46.7001,-75.4493,18.88,4.58
Praia,75,CV,1624473244,61,14.9215,-23.5087,27.3,7.2
Dwārka,72,IN,1624473245,66,22.2394,68.9678,29.35,6.94
Richards Bay,100,ZA,1624473245,59,-28.783,32.0377,17.74,2.05
Dzhebariki-Khaya,100,RU,1624473245,89,62.2167,135.8,14.55,2.74
Manggar,100,ID,1624473246,83,-2.8833,108.2667,25.63,0.4
Bredasdorp,100,ZA,1624473246,87,-34.5322,20.0403,11.62,2.57
Dawlatabad,0,AF,1624473247,13,36.4141,64.9053,26.37,2.13
Derzhavīnsk,5,KZ,1624473247,61,51.1,66.3167,13.07,3.42
Mehamn,51,NO,1624473248,71,71.0357,27.8492,11.1,4.57
Padang,8,ID,1624473248,73,-0.9492,100.3543,24.28,1.96
Port Elizabeth,0,ZA,1624473216,77,-33.918,25.5701,15.0,6.17
Beringovskiy,94,RU,1624473249,75,63.05,179.3167,7.36,3.2
Torbay,75,CA,1624473249,85,47.6666,-52.7314,26.05,9.26
Takaoka,98,JP,1624473250,85,36.75,137.0167,19.6,0.45
Esperance,99,AU,1624473250,69,-33.8667,121.9,10.91,8.1
Pouébo,36,NC,1624473251,67,-20.4,164.5667,19.75,6.34
Sur,0,OM,1624473251,62,22.5667,59.5289,30.42,5.45
Nakhon Nayok,100,TH,1624473252,99,14.1667,101.1,27.78,0.14
Simao,100,CN,1624473252,98,22.7886,100.9748,19.1,0.81
Yeppoon,57,AU,1624473253,76,-23.1333,150.7333,16.88,3.0
Erenhot,100,CN,1624473253,48,43.6475,111.9767,22.39,4.62
San Patricio,38,US,1624473254,50,28.017,-97.5169,32.4,6.05
Aklavik,20,CA,1624473254,48,68.2191,-135.0107,19.4,3.6
Shamary,7,RU,1624473255,68,57.3434,58.2199,11.33,1.64
Slave Lake,75,CA,1624473008,63,55.2834,-114.769,18.0,6.17
Dali,100,CN,1624473255,93,25.7,100.1833,17.77,2.08
Grindavik,0,IS,1624473256,62,63.8424,-22.4338,12.0,8.23
Kamaishi,99,JP,1624473256,91,39.2667,141.8833,16.63,2.48
Olafsvik,2,IS,1624473257,70,64.8945,-23.7142,8.9,5.1
Waipawa,99,NZ,1624473257,90,-41.4122,175.5153,10.25,3.04
Port Blair,100,IN,1624473257,80,11.6667,92.75,28.02,6.25
Constitución,57,CL,1624473258,85,-35.3333,-72.4167,12.33,4.05
Pandan,100,PH,1624473258,80,14.0453,124.1694,27.07,2.48
Owerri,63,NG,1624473259,97,5.4833,7.0304,22.54,1.79
Novozybkov,27,RU,1624473259,90,52.5396,31.9275,29.85,3.12
Fortuna,20,US,1624473260,76,40.5982,-124.1573,26.34,1.79
Coracora,39,PE,1624473260,29,-15.0333,-73.7833,16.86,4.53
Kaeo,4,NZ,1624473261,96,-35.1,173.7833,5.18,1.37
Paamiut,100,GL,1624473261,92,61.994,-49.6678,7.63,12.95
Geraldton,0,AU,1624473075,87,-28.7667,114.6,7.23,3.09
Galveston,1,US,1624473262,74,29.3669,-94.9669,33.89,4.12
Kulhudhuffushi,100,MV,1624473262,77,6.6221,73.07,27.84,6.84
La Ronge,99,CA,1624473263,45,55.1001,-105.2842,19.0,7.72
Carahue,19,CL,1624473263,71,-38.7,-73.1667,12.11,2.61
Katsuura,100,JP,1624473264,82,35.1333,140.3,21.77,3.97
Arawa,91,PG,1624473264,91,-6.2132,155.5367,24.81,1.36
Bilma,87,NE,1624473265,12,18.6853,12.9164,37.26,2.53
Florida,1,US,1624473265,73,28.7505,-82.5001,32.21,2.06
Flinders,100,AU,1624473265,82,-34.5833,150.8552,14.65,0.45
Paita,9,PE,1624473266,70,-5.0892,-81.1144,26.31,6.98
Taclobo,100,PH,1624473266,78,12.3074,122.586,28.08,3.4
Luebo,20,CD,1624473267,43,-5.35,21.4167,24.47,0.2
Ust-Tsilma,14,RU,1624473267,82,65.441,52.1498,17.12,3.55
Mbaïki,88,CF,1624473268,98,3.8678,17.9892,20.1,0.8
Nanortalik,100,GL,1624473268,83,60.1432,-45.2371,9.01,8.28
Kautokeino,28,NO,1624473269,52,69.0125,23.0412,14.79,3.33
Natal,40,BR,1624473269,58,-5.795,-35.2094,29.36,7.72
Nouadhibou,20,MR,1624473270,64,20.931,-17.0347,23.0,10.8
Pedernales,100,DO,1624473270,62,18.0384,-71.744,30.41,4.51
Fallon,20,US,1624473271,20,39.4735,-118.7774,29.44,5.14
Colares,20,PT,1624473271,59,38.7992,-9.4469,22.82,10.29
Serebryansk,100,KZ,1624473272,96,49.6925,83.2892,11.75,3.68
Cortez,75,US,1624473272,23,37.3489,-108.5859,28.42,4.12
Poum,68,NC,1624473272,61,-20.2333,164.0167,22.11,6.17
South Lake Tahoe,1,US,1624473046,30,38.9332,-119.9844,26.51,2.57
San Quintín,10,MX,1624473273,70,30.4833,-115.95,22.12,5.39
Doctor Phillips,75,US,1624473274,60,28.4495,-81.4923,33.34,2.57
Dubbo,90,AU,1624473123,88,-32.25,148.6167,13.07,6.17
Byron Bay,100,AU,1624473274,84,-28.65,153.6167,15.97,3.85
Itarema,9,BR,1624473060,70,-2.9248,-39.9167,28.05,7.69
Balsas,57,BR,1624473275,44,-7.5325,-46.0356,30.33,3.81
Xichang,99,CN,1624473275,85,27.8964,102.2634,19.71,0.56
Goderich,68,CA,1624473155,37,43.7501,-81.7165,22.34,4.63
Krasnoarmiys'k,3,UA,1624473276,70,48.282,37.1758,23.39,4.1
Dunedin,100,NZ,1624473276,84,-45.8742,170.5036,7.11,0.45
Otta,100,NO,1624473277,54,61.7712,9.5353,20.58,1.5
Listvyanka,0,RU,1624473277,94,51.8535,104.8693,13.0,4.0
Champerico,100,GT,1624473277,79,14.3,-91.9167,29.87,4.88
Llangefni,90,GB,1624473278,90,53.2556,-4.3106,14.25,3.6
Fairbanks,1,US,1624473278,53,64.8378,-147.7164,23.6,3.6
Arti,6,RU,1624473129,66,56.4234,58.5328,12.27,2.17
Makakilo City,75,US,1624473279,65,21.3469,-158.0858,26.0,2.06
Pachmarhi,99,IN,1624473279,92,22.4667,78.4333,21.04,1.88
Santa Cruz de Barahona,40,DO,1624473280,58,18.2085,-71.1008,31.9,7.72
Baillif,11,GP,1624473280,72,16.0202,-61.7463,27.72,6.52
Oudtshoorn,100,ZA,1624473281,83,-33.5907,22.2014,11.2,2.43
Huntingdon,76,GB,1624473007,62,52.3305,-0.1865,20.39,0.76
Vila,4,PT,1624473281,59,42.0304,-8.1588,17.08,2.84
Xiaoshan,0,CN,1624473281,69,30.1675,120.2588,24.92,2.0
Alta Floresta,40,BR,1624473282,28,-9.8756,-56.0861,35.9,2.57
Naze,0,JP,1624473282,76,28.3667,129.4833,22.37,2.66
Ucluelet,60,CA,1624473050,84,48.9329,-125.5528,22.75,0.45
Kitimat,97,CA,1624473283,71,54.0524,-128.6534,20.51,1.35
Hong Kong,100,HK,1624473117,85,22.2855,114.1577,27.22,2.16
Macao,40,MO,1624473284,83,22.2006,113.5461,27.26,4.12
Takoradze,89,GH,1624473197,86,4.8845,-1.7554,25.02,3.27
Clyde River,90,CA,1624473284,100,70.4692,-68.5914,2.13,8.23
Tautira,33,PF,1624473285,75,-17.7333,-149.15,27.01,2.83
Nouakchott,96,MR,1624473285,53,18.0858,-15.9785,30.96,10.86
Port Macquarie,100,AU,1624473286,80,-31.4333,152.9167,11.98,3.48
Ila,100,NO,1624473286,71,63.4305,10.3705,15.84,1.34
Alugan,100,PH,1624473287,84,12.2188,125.4808,26.49,3.89
Cervo,47,ES,1624473287,77,43.6702,-7.4101,17.33,5.01
Imeni Poliny Osipenko,94,RU,1624473292,88,52.4201,136.4853,7.65,2.18
Krasnovishersk,98,RU,1624473292,69,60.4078,57.082,14.0,0.62
Kaitangata,100,NZ,1624473293,79,-46.2817,169.8464,7.18,3.35
Port-Cartier,75,CA,1624473293,55,50.0334,-66.8654,17.0,6.17
Altamira,40,BR,1624473166,58,-3.2033,-52.2064,32.05,1.54
Leningradskiy,11,RU,1624473294,68,69.3833,178.4167,6.63,2.54
Luang Prabang,100,LA,1624473294,96,19.8856,102.1347,23.99,0.93
Cockburn Town,20,TC,1624473295,65,21.4612,-71.1419,28.98,7.72
San Jerónimo,15,PE,1624473295,35,-11.9472,-75.2829,17.49,0.39
Yar-Sale,100,RU,1624473295,80,66.8333,70.8333,5.44,1.68
Ola,100,RU,1624473296,92,59.5833,151.2833,8.87,1.56
Ancud,98,CL,1624473296,71,-41.8697,-73.8203,9.68,5.35
Mapiripán,100,CO,1624473297,95,2.8892,-72.1256,23.22,1.65
Ichinohe,100,JP,1624473297,98,40.2069,141.3017,15.76,1.71
Alofi,100,NU,1624473298,94,-19.0595,-169.9187,20.94,1.03
Petropavlovsk-Kamchatskiy,40,RU,1624473298,100,53.0452,158.6483,5.33,3.0
Panjakent,0,TJ,1624473299,32,39.4952,67.6093,21.89,1.31
Mar del Plata,90,AR,1624473299,63,-38.0023,-57.5575,15.0,7.15
Port Lincoln,47,AU,1624473299,78,-34.7333,135.8667,13.32,11.74
São João da Barra,20,BR,1624473300,64,-21.6403,-41.0511,24.0,6.17
Bull Savanna,77,JM,1624473300,73,17.8868,-77.5902,26.89,4.93
Hithadhoo,100,MV,1624473301,69,-0.6,73.0833,28.48,4.22
Beeville,40,US,1624473235,74,28.4008,-97.7483,32.0,2.57
Contamana,69,PE,1624473302,40,-7.3333,-75.0167,33.22,1.38
Yulara,0,AU,1624473302,87,-25.2406,130.9889,3.91,1.54
George Town,40,MY,1624473302,92,5.4112,100.3354,26.05,2.68
Mahon,40,ES,1624473303,78,39.8885,4.2658,23.31,4.63
Preston,75,GB,1624473304,81,53.7667,-2.7167,15.99,2.57
Puro,100,PH,1624473304,78,12.4841,123.3827,27.18,2.14
Koutiala,67,ML,1624473305,42,12.3917,-5.4642,32.4,5.31
Ubajara,41,BR,1624473249,41,-3.8544,-40.9211,27.5,1.16
Katherine,75,AU,1624473305,83,-14.4667,132.2667,23.0,2.57
Pontes e Lacerda,84,BR,1624473306,23,-15.2261,-59.3353,35.17,3.57
Hualmay,45,PE,1624473306,70,-11.0964,-77.6139,20.29,6.76
East London,20,ZA,1624473307,88,-33.0153,27.9116,15.52,5.14
Nichinan,0,JP,1624473307,87,31.6,131.3667,20.68,1.89
Mobaye,100,CF,1624473307,96,4.319,21.1786,20.31,0.48
Bandarbeyla,100,SO,1624473308,80,9.4942,50.8122,25.0,13.41
Yuancheng,80,CN,1624473308,47,36.652,107.7896,19.66,2.0
Sopela,75,ES,1624473309,85,43.3789,-2.9831,15.94,1.79
Olaszliszka,0,HU,1624473309,61,48.25,21.4333,29.0,3.6
Huaidian,95,CN,1624473310,54,33.4333,115.0333,25.64,3.27
Yangjiang,100,CN,1624473310,93,21.85,111.9667,25.39,0.81
Zhezkazgan,25,KZ,1624473310,71,47.8043,67.7144,18.53,5.27
Sarh,0,TD,1624473311,83,9.1429,18.3923,24.95,0.0
Tessalit,13,ML,1624473311,9,20.1986,1.0114,37.77,1.48
Dingle,100,PH,1624473312,90,10.9995,122.6711,24.69,1.74
Nome,90,US,1624473313,77,64.5011,-165.4064,16.11,2.06
Sulangan,100,PH,1624473313,76,11.1373,123.7228,28.31,2.4
Prado,0,BR,1624473313,70,-17.3411,-39.2208,24.25,6.11
Lagoa,18,PT,1624473314,76,39.05,-27.9833,19.46,5.26
Atikokan,81,CA,1624473313,34,48.7555,-91.6216,25.72,6.92
Rio Grande,40,BR,1624473315,82,-32.035,-52.0986,18.0,8.23
Sorong,29,ID,1624473316,90,-0.8833,131.25,24.95,3.69
Punta Alta,100,AR,1624473316,75,-38.8759,-62.0736,13.26,3.4
Jalu,0,LY,1624473316,16,29.0331,21.5482,36.3,2.96
Rome,20,US,1624473199,45,43.2128,-75.4557,20.0,4.63
Osório,100,BR,1624473317,64,-29.8867,-50.2697,21.67,0.45
Mayfield,1,US,1624473318,49,36.7417,-88.6367,26.91,0.0
Kieta,95,PG,1624473318,86,-6.2167,155.6333,25.75,1.93
Kahului,20,US,1624473319,65,20.8947,-156.47,26.0,6.17
Yenagoa,82,NG,1624473319,97,4.9247,6.2642,22.7,1.93
Bozova,0,TR,1624473320,41,37.3625,38.5267,27.51,7.08
Broken Hill,0,AU,1624473320,87,-31.95,141.4333,9.84,6.69
Zinder,40,NE,1624473321,38,13.8072,8.9881,33.0,5.14
Burē,47,ET,1624473321,88,10.7,37.0667,14.72,0.91
Debre Birhan,12,ET,1624473322,57,9.6833,39.5333,13.62,1.94
Beloha,0,MG,1624473322,79,-25.1667,45.05,17.77,3.49
Vigia,41,BR,1624473323,79,-0.8583,-48.1417,25.03,3.29
Macaé,40,BR,1624473323,69,-22.3708,-41.7869,23.93,6.17
Dumai,100,ID,1624473324,91,1.6833,101.45,24.42,1.18
Bambanglipuro,81,ID,1624473324,91,-7.95,110.2833,14.44,2.72
Chernyshevskiy,49,RU,1624473324,69,63.0128,112.4714,16.92,1.5
Arman',100,RU,1624473325,91,59.7,150.1667,9.04,1.73
Tete,20,MZ,1624473325,57,-16.1564,33.5867,24.05,2.06
Port Moresby,40,PG,1624473326,88,-9.4431,147.1797,24.0,2.06
Acaraú,8,BR,1624473326,69,-2.8856,-40.12,28.22,7.75
Touros,20,BR,1624473327,64,-5.1989,-35.4608,29.5,7.29
Honningsvåg,75,NO,1624473327,66,70.9821,25.9704,11.0,4.63
Gizo Government Station,56,SB,1624473328,81,-8.103,156.8419,26.97,7.14
Tsimmerbude,86,RU,1624473328,79,54.675,20.1347,20.03,3.08
Amapá,58,BR,1624473329,47,1.0,-52.0,31.29,1.48
Morros,52,BR,1624473329,38,-9.4467,-46.3003,30.62,4.61
Béboto,21,TD,1624473330,78,8.2668,16.939,23.02,0.45
Helong,6,CN,1624473330,82,42.5397,128.9972,12.71,2.02
Mujiayingzi,19,CN,1624473331,80,42.1167,118.7833,16.97,1.55
Tabuny,100,RU,1624473331,96,52.7773,78.7896,11.69,5.3
Salina,1,US,1624473142,55,38.8403,-97.6114,31.67,8.75
Clonakilty,75,IE,1624473332,72,51.6231,-8.8706,18.33,4.12
Kemijärvi,100,FI,1624473333,86,66.7131,27.4306,13.38,2.73
Arona,40,ES,1624473333,64,28.0996,-16.681,19.29,2.24
Shepetivka,100,UA,1624473334,94,50.1855,27.0637,19.68,5.27
Manuk Mangkaw,100,PH,1624473335,70,4.8,119.85,28.75,2.5
Vestmanna,90,FO,1624473335,87,62.1564,-7.1664,8.51,3.6
Fartura,68,BR,1624473336,54,-23.3883,-49.51,21.13,4.42
Tura,99,IN,1624473336,97,25.5198,90.2201,23.28,2.35
Porto-Novo,99,BJ,1624473336,80,6.4965,2.6036,27.9,2.98
Acapulco de Juárez,75,MX,1624473235,70,16.8634,-99.8901,30.9,3.6
Mariehamn,90,AX,1624473337,94,60.0973,19.9348,12.92,3.6
Parkersburg,20,US,1624473337,56,39.2667,-81.5615,24.99,0.89
Ribas do Rio Pardo,16,BR,1624473338,29,-20.4431,-53.7592,31.89,5.08
Dunmore East,40,IE,1624473338,72,52.1514,-6.9861,18.68,3.6
Vysokogornyy,100,RU,1624473338,96,50.1167,139.15,13.28,0.74
Jijiga,68,ET,1624473340,70,9.35,42.8,17.42,6.88
Aswān,0,EG,1624473340,13,24.0934,32.907,34.41,5.26
Ixtapa,90,MX,1624473224,83,20.7,-105.2,26.57,2.06
Turan,20,VN,1624473341,79,16.0678,108.2208,30.03,1.54
Avera,40,US,1624473341,45,33.194,-82.5271,29.0,2.06
Mana,98,GF,1624473341,69,5.6592,-53.7767,28.41,4.87
Codrington,2,AU,1624473342,94,-38.2667,141.9667,6.73,4.09
Ploemeur,75,FR,1624473090,55,47.7333,-3.4333,19.05,5.14
Lincoln,1,US,1624473343,54,40.8,-96.667,32.03,0.89
Dimbokro,100,CI,1624473343,96,6.6451,-4.7048,23.1,2.4
Neuquén,40,AR,1624473296,76,-38.9516,-68.0591,11.94,2.57
Lae,100,PG,1624473344,86,-6.7221,146.9847,23.39,2.69
Harar,49,ET,1624473344,73,9.3094,42.1258,15.82,3.5
Ossora,59,RU,1624473345,70,59.2353,163.0719,11.77,0.88
Pisco,75,PE,1624473345,64,-13.7,-76.2167,21.03,7.72
Salalah,90,OM,1624473346,83,17.0151,54.0924,27.0,2.57
Tabuk,100,PH,1624473346,96,17.4189,121.4443,23.21,0.18
Christchurch,98,NZ,1624473204,96,-43.5333,172.6333,4.39,1.03
Auki,57,SB,1624473347,90,-8.7676,160.7034,24.52,2.81
Adeje,40,ES,1624473347,65,28.1227,-16.726,21.62,2.24
Mayumba,100,GA,1624473348,87,-3.432,10.6554,23.22,2.2
Jacqueville,84,CI,1624473348,87,5.2052,-4.4146,25.95,3.64
Broome,75,US,1624473349,51,42.2506,-75.833,22.27,1.34
Provideniya,95,RU,1624473349,65,64.3833,-173.3,13.42,0.63
Inuvik,20,CA,1624473153,45,68.3499,-133.7218,19.42,1.54
Zyryanka,14,RU,1624473350,53,65.75,150.85,16.83,1.04
Palmer,40,US,1624473284,35,42.1584,-72.3287,22.78,3.6
Kano,100,NG,1624473350,37,12.0001,8.5167,30.75,2.86
Nansio,6,TZ,1624473351,58,-2.1333,33.05,25.11,2.34
Shemordan,40,RU,1624473319,82,56.1856,50.3972,19.98,2.36
Ormara,55,PK,1624473352,80,25.2088,64.6357,28.29,5.6
Tilichiki,96,RU,1624473352,66,60.4667,166.1,10.58,2.22
Saint-Pierre,40,RE,1624473352,70,-21.3393,55.4781,19.82,4.12
Sitka,90,US,1624473353,76,57.0531,-135.33,12.94,1.54
Chapais,75,CA,1624473166,54,49.7834,-74.8492,14.0,6.17
Nang Rong,99,TH,1624473354,79,14.6377,102.7914,25.32,2.05
Tiarei,20,PF,1624473354,74,-17.5333,-149.3333,27.0,1.03
Torrijos,21,ES,1624473355,32,39.9819,-4.2835,25.03,4.59
Bako,32,ET,1624473355,62,5.7833,36.5667,18.9,2.9
Margate,24,GB,1624473356,59,51.3813,1.3862,16.5,3.14
Maragheh,20,IR,1624473356,7,37.3917,46.2398,29.15,4.12
Thinadhoo,38,MV,1624473357,70,0.5333,72.9333,28.46,4.3
North Bend,90,US,1624473357,82,43.4065,-124.2243,16.59,5.14
Saskylakh,33,RU,1624473357,52,71.9167,114.0833,7.37,5.19
Manosque,18,FR,1624473358,52,43.8288,5.7869,25.0,0.45
Sinnamary,100,GF,1624473358,67,5.3833,-52.95,26.63,4.07
Ketchikan,100,US,1624473359,88,55.3422,-131.6461,13.17,0.84
Tevriz,37,RU,1624473359,92,57.509,72.4042,6.8,2.81
Lianzhou,38,CN,1624473360,96,24.7811,112.3825,23.76,0.38
Kupang,11,ID,1624473360,89,-10.1667,123.5833,24.58,2.86
Glazov,23,RU,1624473361,90,58.1394,52.6584,18.68,2.07
Sompeta,99,IN,1624473361,78,18.9333,84.6,28.29,4.47
Talara,0,PE,1624473362,69,-4.5772,-81.2719,26.42,6.69
Dauphin,75,CA,1624473363,64,51.1494,-100.0502,21.0,7.2
Alekseyevsk,72,RU,1624473364,78,57.8406,108.3492,16.92,1.9
Buenavista,100,PH,1624473364,90,8.9769,125.4089,24.48,1.88
Shenjiamen,100,CN,1624473365,83,29.9576,122.298,23.13,2.15
Liverpool,90,GB,1624473259,94,53.4106,-2.9779,16.0,3.09
Mayo,1,US,1624473366,46,38.8876,-76.5119,26.04,0.45
Honiara,27,SB,1624473366,91,-9.4333,159.95,24.94,2.71
Taoudenni,1,ML,1624473367,8,22.6783,-3.9836,41.75,3.81
Punta Gorda,1,US,1624473271,55,26.9298,-82.0454,33.33,2.06
Dybbøl,90,DK,1624473367,82,54.9108,9.736,17.14,2.06
Truth or Consequences,1,US,1624473368,18,33.1284,-107.2528,36.62,3.6
Vila Velha,40,BR,1624473298,63,-20.3297,-40.2925,26.09,7.72
Okha,15,RU,1624473368,93,53.5739,142.9478,6.17,2.65
Whitehorse,20,CA,1624473369,45,60.7161,-135.0538,20.05,5.36
Sidrolândia,25,BR,1624473369,31,-20.9319,-54.9614,30.44,4.77
Harper,100,LR,1624473370,92,4.375,-7.7169,24.32,5.1
Pak Phanang,100,TH,1624473370,71,8.3511,100.202,26.9,2.38
Am Timan,99,TD,1624473371,52,11.0297,20.2827,28.25,3.07
Florianópolis,75,BR,1624473371,60,-27.6146,-48.5012,19.59,2.06
Bathsheba,40,BB,1624473371,54,13.2167,-59.5167,30.34,8.23
Havelock,90,US,1624473287,64,34.8791,-76.9013,26.69,2.68
Tommot,36,RU,1624473372,93,58.9564,126.2925,16.52,1.22
San Cristobal,22,VE,1624473372,42,7.7669,-72.225,28.1,2.9
Ouadda,100,CF,1624473373,97,8.0777,22.4007,20.29,1.49
Kushālgarh,100,IN,1624473373,86,23.199,74.4507,25.44,4.15
Port-Gentil,100,GA,1624473374,82,-0.7193,8.7815,24.44,4.28
Batagay-Alyta,100,RU,1624473374,62,67.8006,130.4114,14.82,2.26
Bairiki Village,40,KI,1624473375,70,1.3292,172.9752,30.0,2.57
Sakakah,0,SA,1624473375,14,29.9697,40.2064,37.76,3.41
Laas,56,IT,1624473376,85,46.6166,10.7002,18.9,2.42
Coihueco,90,CL,1624473376,100,-36.6167,-71.8333,10.0,4.12
Lewiston,40,US,1624473377,40,44.1003,-70.2148,23.18,5.14
Sørland,75,NO,1624473377,87,67.667,12.6934,11.0,6.69
Qaqortoq,100,GL,1624473378,84,60.7167,-46.0333,9.28,3.54
Laguna,1,US,1624473208,50,38.421,-121.4238,31.19,2.24
Babushkin,40,RU,1624473378,94,51.7122,105.8647,10.55,1.67
Morón,90,AR,1624473379,88,-34.6534,-58.6198,15.56,2.06
Katy,1,US,1624473100,66,29.7858,-95.8244,34.95,0.89
Makarov,48,RU,1624473379,77,48.6333,142.8,13.53,2.96
Alice Springs,1,AU,1624473380,100,-23.7,133.8833,5.75,2.57
Nadīgaon,3,IN,1624473380,53,26.1167,79.0333,33.63,4.79
Beni,100,CD,1624473380,81,0.5,29.4667,18.95,0.89
Kavieng,19,PG,1624473381,79,-2.5744,150.7967,27.43,4.32
Bălţi,100,MD,1624473381,87,47.7617,27.9289,27.03,0.83
Dourados,100,BR,1624473382,41,-22.2211,-54.8056,28.26,5.86
Warmbad,0,NA,1624473382,50,-28.45,18.7333,13.7,3.24
Mānsa,7,IN,1624473383,14,29.9833,75.3833,36.67,1.96
Praia,75,CV,1624473383,61,14.9215,-23.5087,27.3,7.2
Norman Wells,20,CA,1624473384,52,65.282,-126.8329,19.02,2.57
Guerrero Negro,8,MX,1624473384,57,27.9769,-114.0611,25.55,4.21
Sencha,98,UA,1624473384,83,50.2548,33.346,23.71,4.09
Gumdag,0,TM,1624473385,12,39.2061,54.5906,30.74,8.6
Benjamin Constant,40,BR,1624473385,70,-4.3831,-70.0311,30.07,2.06
Eureka,90,US,1624473386,88,40.8021,-124.1637,16.11,3.6
Tuatapere,100,NZ,1624473386,90,-46.1333,167.6833,7.68,2.85
Mabaruma,90,GY,1624473387,89,8.2,-59.7833,27.0,6.17
Sibu,40,MY,1624473387,94,2.3,111.8167,25.17,0.0
Tual,14,ID,1624473388,78,-5.6667,132.75,27.41,3.59
Tiznit Province,13,MA,1624473388,72,29.5833,-9.5,17.82,2.92
Porto de Moz,100,BR,1624473389,81,-1.7483,-52.2383,26.97,1.05
Casablanca,75,MA,1624473353,73,33.5928,-7.6192,24.12,8.49
Manacapuru,53,BR,1624473224,74,-3.2997,-60.6206,27.32,0.93
Malinovskiy,6,RU,1624473390,50,61.1953,62.8397,10.61,0.57
Moscow,0,RU,1624473198,45,55.7522,37.6156,30.0,3.0
Isangel,2,VU,1624473390,66,-19.55,169.2667,21.84,7.31
Kommunar,5,RU,1624473391,57,59.6206,30.39,28.74,4.89
Angatuba,37,BR,1624473391,56,-23.4897,-48.4128,19.59,5.27
Motygino,100,RU,1624473391,95,58.1831,94.7592,12.24,1.49
Anadyr,0,RU,1624473392,71,64.75,177.4833,12.28,1.79
Ileza,100,RU,1624473392,66,61.0533,43.9002,23.35,1.24
Povenets,12,RU,1624473393,69,62.8487,34.8262,22.37,1.69
Marsá Maţrūḩ,0,EG,1624473393,83,31.3525,27.2453,26.11,3.6
Hambantota,100,LK,1624473393,94,6.1241,81.1185,27.19,4.12
Tigil',100,RU,1624473394,86,57.8,158.6667,8.53,2.31
Pointe Michel,40,DM,1624473394,65,15.25,-61.3833,29.0,2.06
Amlapura,94,ID,1624473361,87,-8.45,115.6167,26.49,1.94
Green River,99,US,1624473395,14,41.5286,-109.4662,28.99,8.04
Charters Towers,18,AU,1624473395,96,-20.1,146.2667,15.28,2.94
Boussé,46,BF,1624473396,40,12.6606,-1.8922,29.76,4.89
Strezhevoy,23,RU,1624473396,70,60.7333,77.5889,7.99,2.18
Nabire,57,ID,1624473396,91,-3.3667,135.4833,23.29,1.44
Yumen,100,CN,1624473397,41,40.2833,97.2,20.73,3.09
Nuuk,90,GL,1624473397,100,64.1835,-51.7216,6.0,15.95
Serenje,8,ZM,1624473398,61,-13.2325,30.2352,12.71,2.53
Itoman,75,JP,1624473398,88,26.1247,127.6694,25.01,2.57
Hay River,75,CA,1624473399,71,60.8156,-115.7999,9.99,2.57
Kendari,62,ID,1624473399,90,-3.945,122.4989,24.62,0.37
Pathein,100,MM,1624473399,88,16.7833,94.7333,25.27,2.65
Troitskoye,92,RU,1624473400,92,52.9821,84.6757,9.51,4.09
Mogadishu,22,SO,1624473400,84,2.0371,45.3438,24.84,6.06
Marystown,100,CA,1624473401,94,47.1666,-55.1483,16.99,6.16
Gayny,12,RU,1624473401,73,60.3071,54.3241,16.9,2.26
Lewistown,40,US,1624473402,35,40.5992,-77.5714,25.52,2.06
Lakes Entrance,100,AU,1624473402,91,-37.8811,147.981,8.33,2.06
Bensonville,100,LR,1624473403,89,6.4461,-10.6125,23.75,2.32
Linhares,63,BR,1624473403,64,-19.3911,-40.0722,23.22,4.98
Fort-Shevchenko,85,KZ,1624473404,35,44.5086,50.263,29.26,3.57
Hamilton,1,US,1624473001,43,39.1834,-84.5333,25.68,1.34
Arrondissement de Saint-Malo,96,FR,1624473404,66,48.5,-1.8333,16.23,4.74
Prince Rupert,90,CA,1624473405,87,54.3161,-130.3201,14.05,2.57
Nhulunbuy,40,AU,1624473405,94,-12.2333,136.7667,24.34,2.06
Pangkalanbuun,93,ID,1624473406,99,-2.6833,111.6167,22.63,1.11
Kuytun,100,RU,1624473406,94,54.3419,101.5036,11.99,6.19
Lebedyn,100,UA,1624473406,85,50.5852,34.4849,23.41,3.46
Uyuni,27,BO,1624473407,21,-20.4597,-66.825,10.97,13.63
Pacific Grove,90,US,1624473407,74,36.6177,-121.9166,22.11,3.13
Buraidah,0,SA,1624473408,11,26.326,43.975,37.25,4.49
Rocha,95,UY,1624473408,80,-34.4833,-54.3333,15.83,7.29
Ambon City,40,ID,1624473408,94,-3.6954,128.1814,24.08,3.09
Soroca,100,MD,1624473409,82,48.1558,28.2975,26.34,1.33
Antigonish,100,CA,1624473409,84,45.6169,-61.9986,18.97,1.79
Ambilobe,0,MG,1624473410,74,-13.2,49.05,19.31,2.3
Cuiluan,100,CN,1624473410,93,47.72,128.648,15.15,2.19
Kazygurt,0,KZ,1624473411,25,41.7589,69.3864,23.96,1.84
Khorixas,0,NA,1624473411,31,-20.3667,14.9667,19.05,4.9
Kenai,1,US,1624473412,58,60.5544,-151.2583,15.05,6.69
Aksu,1,CN,1624473412,31,41.1231,80.2644,23.12,2.16
Adré,100,TD,1624473412,52,13.4667,22.2,25.51,3.31
Leshukonskoye,97,RU,1624473413,86,64.8989,45.7622,18.98,3.99
Chignahuapan,100,MX,1624473413,72,19.8333,-98.0333,19.02,2.04
Vryburg,5,ZA,1624473414,50,-26.9566,24.7284,11.68,3.18
Puerto Escondido,90,MX,1624473414,61,15.85,-97.0667,29.46,3.42
